Directory,FileName,ImageWidth,ImageHeight,MIMEType
/assets/images/fitness/,fitness01.jpg,695,900,image/jpeg
/assets/images/fitness/,fitness02.jpg,695,900,image/jpeg
/assets/images/fitness/,fitness03.jpg,695,900,image/jpeg
/assets/images/fitness/,fitness04.jpg,695,900,image/jpeg
/assets/images/fitness/,fitness05.jpg,695,900,image/jpeg
/assets/images/fitness/,fitness06.jpg,695,900,image/jpeg
/assets/images/fitness/,fitness07.jpg,695,900,image/jpeg
/assets/images/fitness/,fitness08.jpg,695,900,image/jpeg
/assets/images/fitness/,fitness09.jpg,695,900,image/jpeg
/assets/images/fitness/,fitness10.jpg,695,900,image/jpeg
/assets/images/fitness/,fitness11.jpg,695,900,image/jpeg
/assets/images/fitness/,fitness12.jpg,695,900,image/jpeg
/assets/images/fitness/,fitness13.jpg,695,900,image/jpeg
/assets/images/fitness/,fitness14.jpg,695,900,image/jpeg
/assets/images/fitness/,fitness15.jpg,695,900,image/jpeg
/assets/images/fitness/,fitness16.jpg,695,900,image/jpeg
/assets/images/fitness/,fitness17.jpg,720,900,image/jpeg
/assets/images/fitness/,fitness18.jpg,659,900,image/jpeg
/assets/images/fitness/,fitness19.jpg,736,900,image/jpeg